{"cameraMode":{"drawMode":0,"name":"Shaded","section":"Shading Mode"},"sceneLighting":false,"audioPlay":false,"sceneViewState":{"showFog":true,"showMaterialUpdate":false,"showSkybox":true,"showFlares":true,"showImageEffects":true,"showParticleSystems":true},"in2DMode":false,"pivot":{"x":137.5950469970703,"y":257.82061767578127,"z":2.616851806640625},"rotation":{"x":-0.0018095439299941064,"y":0.0005971716600470245,"z":-0.0000011089314284618013,"w":-0.9999982714653015},"size":134.7344512939453,"orthographic":false}